{
  "ortho": {
    "Orthopedics": 11.518150027516159,
    "as": 6.256246285183999,
    "asdf": 6.256246285183999,
    "Aha": 6.256246285183999,
    "Othopedics": 1.7716847617279996,
    "Zedq1": 4.484561523456,
    "sdj": 1.8823839999999998
  },
  "bone": {
    "Orthopedics": 16.191766070136318,
    "as": 21.100221625919996,
    "asdf": 21.100221625919996,
    "Aha": 21.100221625919996,
    "Zedq1": 21.100221625919996,
    "Asd": 11.003051136128,
    "sdj": 5.64792032
  },
  "dr": {
    "Orthopedics": 6.1831798184307205,
    "as": 3.543369523455999,
    "asdf": 3.543369523455999,
    "Aha": 3.543369523455999,
    "Zedq1": 3.543369523455999
  },
  "pain": {
    "Orthopedics": 3.4725021329868793
  },
  "arm": {
    "Orthopedics": 2.6043765997401596,
    "Othopedics": 2.6575271425919995
  },
  "arm pain": {
    "Orthopedics": 2.6043765997401596
  },
  "broken": {
    "Othopedics": 2.6575271425919995
  },
  "broken arm": {
    "Othopedics": 2.6575271425919995
  },
  "a": {
    "Russian": 8.308882320256,
    "as": 13.660093437311998,
    "ss": 4.447290320255999,
    "Chudai": 4.447290320255999,
    "Aha": 13.660093437311998,
    "asdf": 9.212803117056,
    "Asd": 9.212803117056,
    "Dermatology": 4.7655127967999995,
    "Obstetrics & Gynecology": 4.7655127967999995,
    "Psychiatry": 4.7655127967999995,
    "Gastroenterology": 4.7655127967999995,
    "Urology": 4.7655127967999995,
    "Cardiology": 3.803184,
    "sdj": 3.803184,
    "sdjdhd": 3.803184,
    "General": 3.92
  },
  "am": {
    "Chudai": 5.40921190432,
    "Amit ko rand banaye rakhna": 5.40921190432,
    "Aha": 5.40921190432,
    "General Medicine": 5.40921190432
  },
  "ami": {
    "Chudai": 4.429211904320001,
    "Amit ko rand banaye rakhna": 4.429211904320001,
    "Aha": 4.429211904320001,
    "General Medicine": 4.429211904320001
  },
  "amit": {
    "Chudai": 6.350403904319999,
    "Amit ko rand banaye rakhna": 6.350403904319999,
    "Aha": 6.350403904319999,
    "General Medicine": 6.350403904319999,
    "sdj": 2.8623839999999996,
    "sdjdhd": 1.8823839999999998
  },
  "b": {
    "Bachchodi": 20.39078803232,
    "Amit ko rand banaye rakhna": 20.39078803232,
    "as": 19.541102483328,
    "asdf": 19.541102483328,
    "Aha": 19.541102483328,
    "Pediatrics": 4.7302097536000005,
    "Orthopedics": 4.7302097536000005,
    "Asd": 1.8078415935999996,
    "sdj": 1.8447363199999998
  },
  "orthopedics": {
    "Orthopedics": 7.251666003455999,
    "sdj": 9.28015312,
    "sdjdhd": 1.8823839999999998
  },
  "h": {
    "ss": 2.712876761728,
    "Chudai": 2.712876761728,
    "Bachchodi": 2.712876761728,
    "Amit ko rand banaye rakhna": 2.712876761728,
    "Aha": 2.712876761728,
    "Cardiology": 0.9411919999999999,
    "Neurology": 0.9411919999999999,
    "sdj": 1.8823839999999998,
    "sdjdhd": 1.8823839999999998
  },
  "ha": {
    "Aha": 1.7716847617279996
  },
  "o": {
    "ss": 1.7716847617279996,
    "Chudai": 1.7716847617279996,
    "aa": 1.7716847617279996,
    "Bachchodi": 1.7716847617279996,
    "Amit ko rand banaye rakhna": 1.7716847617279996
  },
  "or": {
    "Orthopedics": 1.7716847617279996,
    "Othopedics": 1.7716847617279996
  },
  "dr ortho": {
    "Orthopedics": 5.315054285183999,
    "as": 3.543369523455999,
    "asdf": 3.543369523455999,
    "Aha": 3.543369523455999,
    "Zedq1": 3.543369523455999
  },
  "ort": {
    "Orthopedics": 1.7716847617279996,
    "Othopedics": 1.7716847617279996
  },
  "orth": {
    "Orthopedics": 1.7716847617279996,
    "Othopedics": 1.7716847617279996
  },
  "ac": {
    "Dermatology": 0.9039207967999998,
    "Gastroenterology": 0.9039207967999998,
    "Bachchodi": 1.8078415935999996
  },
  "l": {
    "ss": 4.519603984000001,
    "Bachchodi": 4.519603984000001,
    "General Medicine": 4.519603984000001
  },
  "leg": {
    "Bachchodi": 2.7117623903999997,
    "Amit ko rand banaye rakhna": 2.7117623903999997,
    "as": 10.847049561599999,
    "asdf": 10.847049561599999,
    "Aha": 10.847049561599999,
    "Pediatrics": 0.9039207967999998,
    "Orthopedics": 3.6156831871999993,
    "Asd": 7.2313663743999985,
    "Zedq1": 2.7117623903999997
  },
  "leg b": {
    "Bachchodi": 0.9039207967999998,
    "Amit ko rand banaye rakhna": 0.9039207967999998,
    "as": 2.7117623903999997,
    "asdf": 2.7117623903999997,
    "Aha": 2.7117623903999997,
    "Pediatrics": 0.9039207967999998,
    "Orthopedics": 0.9039207967999998,
    "Asd": 1.8078415935999996
  },
  "leg bone": {
    "Orthopedics": 0.9039207967999998,
    "as": 2.7117623903999997,
    "asdf": 2.7117623903999997,
    "Aha": 2.7117623903999997,
    "Zedq1": 2.7117623903999997,
    "Asd": 1.8078415935999996
  },
  "bon": {
    "Bachchodi": 2.8078415935999996,
    "Amit ko rand banaye rakhna": 0.9039207967999998,
    "as": 8.4235247808,
    "asdf": 8.4235247808,
    "Aha": 8.4235247808,
    "Orthopedics": 2.8078415935999996,
    "Asd": 7.519603984000001
  },
  "leg bon": {
    "Bachchodi": 0.9039207967999998,
    "Amit ko rand banaye rakhna": 0.9039207967999998,
    "as": 2.7117623903999997,
    "asdf": 2.7117623903999997,
    "Aha": 2.7117623903999997,
    "Orthopedics": 0.9039207967999998,
    "Asd": 1.8078415935999996
  },
  "bo": {
    "Bachchodi": 2.8078415935999996,
    "Amit ko rand banaye rakhna": 1.8078415935999996,
    "as": 8.4235247808,
    "asdf": 8.4235247808,
    "Aha": 8.4235247808,
    "Orthopedics": 2.8078415935999996,
    "Asd": 6.615683187199999
  },
  "leg bo": {
    "Bachchodi": 0.9039207967999998,
    "Amit ko rand banaye rakhna": 0.9039207967999998,
    "as": 2.7117623903999997,
    "asdf": 2.7117623903999997,
    "Aha": 2.7117623903999997,
    "Orthopedics": 0.9039207967999998,
    "Asd": 1.8078415935999996
  },
  "frac": {
    "Orthopedics": 1.8078415935999996
  },
  "fracture": {
    "Orthopedics": 5.423524780799999,
    "as": 3.6156831871999993,
    "asdf": 3.6156831871999993,
    "Aha": 3.6156831871999993,
    "Zedq1": 3.6156831871999993
  },
  "fractur": {
    "Orthopedics": 0.9039207967999998
  },
  "f": {
    "General Medicine": 0.9039207967999998,
    "Orthopedics": 0.9039207967999998,
    "Obstetrics & Gynecology": 0.9039207967999998,
    "asdf": 1.8078415935999996
  },
  "s": {
    "General Medicine": 5.76356816,
    "ENT": 5.76356816,
    "Dermatology": 5.76356816,
    "Endocrinology": 5.76356816,
    "Neurology": 5.76356816,
    "Gastroenterology": 5.76356816,
    "sdj": 12.44833632,
    "sdbg": 9.6432,
    "sdjdhd": 9.6432,
    "sd": 9.6432
  },
  "he": {
    "Cardiology": 0.9411919999999999,
    "Neurology": 0.9411919999999999
  },
  "d": {
    "Dermatology": 0.9603999999999999,
    "Endocrinology": 0.9603999999999999,
    "Dentistry": 0.9603999999999999,
    "Psychiatry": 0.9603999999999999,
    "Cardiology": 1.9207999999999998,
    "sdj": 1.9207999999999998,
    "sdbg": 1.9207999999999998,
    "sdjdhd": 1.9207999999999998,
    "sd": 1.9207999999999998
  },
  "der": {
    "Dermatology": 0.9603999999999999
  },
  "p": {
    "Cardiology": 0.9603999999999999,
    "Obstetrics & Gynecology": 0.9603999999999999,
    "Pediatrics": 0.9603999999999999,
    "Psychiatry": 0.9603999999999999
  },
  "g": {
    "Endocrinology": 0.9603999999999999,
    "Gastroenterology": 0.9603999999999999,
    "Cardiology": 1.9207999999999998,
    "sdbg": 1.9207999999999998
  },
  "r": {
    "Dermatology": 0.98,
    "Urology": 0.98,
    "Nephrology": 0.98,
    "General": 1.96
  }
}