{
  "ortho": {
    "Orthopedics": 11.993075830399999,
    "as": 6.5142089599999995,
    "asdf": 6.5142089599999995,
    "Aha": 6.5142089599999995,
    "Othopedics": 1.8447363199999998,
    "Zedq1": 4.66947264,
    "sdj": 1.96
  },
  "bone": {
    "Orthopedics": 15.8181654208,
    "as": 18.846544799999997,
    "asdf": 18.846544799999997,
    "Aha": 18.846544799999997,
    "Zedq1": 18.846544799999997,
    "Asd": 9.374272320000001,
    "sdj": 5.8808
  },
  "dr": {
    "Orthopedics": 6.4381297568,
    "as": 3.6894726399999995,
    "asdf": 3.6894726399999995,
    "Aha": 3.6894726399999995,
    "Zedq1": 3.6894726399999995
  },
  "pain": {
    "Orthopedics": 3.6156831871999993
  },
  "arm": {
    "Orthopedics": 2.7117623903999997,
    "Othopedics": 2.7671044799999995
  },
  "arm pain": {
    "Orthopedics": 2.7117623903999997
  },
  "broken": {
    "Othopedics": 2.7671044799999995
  },
  "broken arm": {
    "Othopedics": 2.7671044799999995
  },
  "a": {
    "Russian": 6.6106646399999995,
    "as": 12.182521279999998,
    "ss": 4.63066464,
    "Chudai": 4.63066464,
    "Aha": 12.182521279999998,
    "asdf": 7.55185664,
    "Asd": 7.55185664,
    "Dermatology": 2.9211919999999996,
    "Obstetrics & Gynecology": 2.9211919999999996,
    "Psychiatry": 2.9211919999999996,
    "Gastroenterology": 2.9211919999999996,
    "Urology": 2.9211919999999996,
    "Cardiology": 3.96,
    "sdj": 3.96,
    "sdjdhd": 3.96
  },
  "am": {
    "Chudai": 4.6118408,
    "Amit ko rand banaye rakhna": 4.6118408,
    "Aha": 4.6118408,
    "General Medicine": 4.6118408
  },
  "ami": {
    "Chudai": 4.6118408,
    "Amit ko rand banaye rakhna": 4.6118408,
    "Aha": 4.6118408,
    "General Medicine": 4.6118408
  },
  "amit": {
    "Chudai": 5.5918408,
    "Amit ko rand banaye rakhna": 5.5918408,
    "Aha": 5.5918408,
    "General Medicine": 5.5918408,
    "sdj": 1.96,
    "sdjdhd": 1.96
  },
  "b": {
    "Bachchodi": 14.9841608,
    "Amit ko rand banaye rakhna": 14.9841608,
    "as": 14.099440320000001,
    "asdf": 14.099440320000001,
    "Aha": 14.099440320000001,
    "Pediatrics": 2.842784,
    "Orthopedics": 2.842784,
    "Asd": 1.8823839999999998,
    "sdj": 1.9207999999999998
  },
  "orthopedics": {
    "Orthopedics": 7.550672639999999,
    "sdj": 9.662799999999999,
    "sdjdhd": 1.96
  },
  "h": {
    "ss": 2.82473632,
    "Chudai": 2.82473632,
    "Bachchodi": 2.82473632,
    "Amit ko rand banaye rakhna": 2.82473632,
    "Aha": 2.82473632,
    "Cardiology": 0.98,
    "Neurology": 0.98,
    "sdj": 1.96,
    "sdjdhd": 1.96
  },
  "ha": {
    "Aha": 1.8447363199999998
  },
  "o": {
    "ss": 1.8447363199999998,
    "Chudai": 1.8447363199999998,
    "aa": 1.8447363199999998,
    "Bachchodi": 1.8447363199999998,
    "Amit ko rand banaye rakhna": 1.8447363199999998
  },
  "or": {
    "Orthopedics": 1.8447363199999998,
    "Othopedics": 1.8447363199999998
  },
  "dr ortho": {
    "Orthopedics": 5.534208959999999,
    "as": 3.6894726399999995,
    "asdf": 3.6894726399999995,
    "Aha": 3.6894726399999995,
    "Zedq1": 3.6894726399999995
  },
  "ort": {
    "Orthopedics": 1.8447363199999998,
    "Othopedics": 1.8447363199999998
  },
  "orth": {
    "Orthopedics": 1.8447363199999998,
    "Othopedics": 1.8447363199999998
  },
  "ac": {
    "Dermatology": 0.9411919999999999,
    "Gastroenterology": 0.9411919999999999,
    "Bachchodi": 1.8823839999999998
  },
  "l": {
    "ss": 4.70596,
    "Bachchodi": 4.70596,
    "General Medicine": 4.70596
  },
  "leg": {
    "Bachchodi": 2.8235759999999996,
    "Amit ko rand banaye rakhna": 2.8235759999999996,
    "as": 11.294303999999999,
    "asdf": 11.294303999999999,
    "Aha": 11.294303999999999,
    "Pediatrics": 0.9411919999999999,
    "Orthopedics": 3.7647679999999997,
    "Asd": 7.529535999999999,
    "Zedq1": 2.8235759999999996
  },
  "leg b": {
    "Bachchodi": 0.9411919999999999,
    "Amit ko rand banaye rakhna": 0.9411919999999999,
    "as": 2.8235759999999996,
    "asdf": 2.8235759999999996,
    "Aha": 2.8235759999999996,
    "Pediatrics": 0.9411919999999999,
    "Orthopedics": 0.9411919999999999,
    "Asd": 1.8823839999999998
  },
  "leg bone": {
    "Orthopedics": 0.9411919999999999,
    "as": 2.8235759999999996,
    "asdf": 2.8235759999999996,
    "Aha": 2.8235759999999996,
    "Zedq1": 2.8235759999999996,
    "Asd": 1.8823839999999998
  },
  "bon": {
    "Bachchodi": 1.8823839999999998,
    "Amit ko rand banaye rakhna": 0.9411919999999999,
    "as": 5.647151999999999,
    "asdf": 5.647151999999999,
    "Aha": 5.647151999999999,
    "Orthopedics": 1.8823839999999998,
    "Asd": 4.70596
  },
  "leg bon": {
    "Bachchodi": 0.9411919999999999,
    "Amit ko rand banaye rakhna": 0.9411919999999999,
    "as": 2.8235759999999996,
    "asdf": 2.8235759999999996,
    "Aha": 2.8235759999999996,
    "Orthopedics": 0.9411919999999999,
    "Asd": 1.8823839999999998
  },
  "bo": {
    "Bachchodi": 1.8823839999999998,
    "Amit ko rand banaye rakhna": 1.8823839999999998,
    "as": 5.647151999999999,
    "asdf": 5.647151999999999,
    "Aha": 5.647151999999999,
    "Orthopedics": 1.8823839999999998,
    "Asd": 3.7647679999999997
  },
  "leg bo": {
    "Bachchodi": 0.9411919999999999,
    "Amit ko rand banaye rakhna": 0.9411919999999999,
    "as": 2.8235759999999996,
    "asdf": 2.8235759999999996,
    "Aha": 2.8235759999999996,
    "Orthopedics": 0.9411919999999999,
    "Asd": 1.8823839999999998
  },
  "frac": {
    "Orthopedics": 1.8823839999999998
  },
  "fracture": {
    "Orthopedics": 5.647151999999999,
    "as": 3.7647679999999997,
    "asdf": 3.7647679999999997,
    "Aha": 3.7647679999999997,
    "Zedq1": 3.7647679999999997
  },
  "fractur": {
    "Orthopedics": 0.9411919999999999
  },
  "f": {
    "General Medicine": 0.9411919999999999,
    "Orthopedics": 0.9411919999999999,
    "Obstetrics & Gynecology": 0.9411919999999999,
    "asdf": 1.8823839999999998
  },
  "s": {
    "General Medicine": 3.9604,
    "ENT": 3.9604,
    "Dermatology": 3.9604,
    "Endocrinology": 3.9604,
    "Neurology": 3.9604,
    "Gastroenterology": 3.9604,
    "sdj": 10.9208,
    "sdbg": 8,
    "sdjdhd": 8,
    "sd": 8
  },
  "he": {
    "Cardiology": 0.98,
    "Neurology": 0.98
  },
  "d": {
    "Dermatology": 1,
    "Endocrinology": 1,
    "Dentistry": 1,
    "Psychiatry": 1,
    "Cardiology": 2,
    "sdj": 2,
    "sdbg": 2,
    "sdjdhd": 2,
    "sd": 2
  },
  "der": {
    "Dermatology": 1
  },
  "p": {
    "Cardiology": 1,
    "Obstetrics & Gynecology": 1,
    "Pediatrics": 1,
    "Psychiatry": 1
  },
  "g": {
    "Endocrinology": 1,
    "Gastroenterology": 1,
    "Cardiology": 2,
    "sdbg": 2
  }
}