{
  "ortho": {
    "Orthopedics": 11.06203128642652,
    "as": 6.0084989322907125,
    "asdf": 6.0084989322907125,
    "Aha": 6.0084989322907125,
    "Othopedics": 1.7015260451635708,
    "Zedq1": 4.3069728871271415,
    "sdj": 1.8078415935999996
  },
  "bone": {
    "Orthopedics": 15.550572133758918,
    "as": 20.264652849533565,
    "asdf": 20.264652849533565,
    "Aha": 20.264652849533565,
    "Zedq1": 20.264652849533565,
    "Asd": 10.567330311137331,
    "sdj": 5.424262675328
  },
  "dr": {
    "Orthopedics": 5.938325897620864,
    "as": 3.4030520903271415,
    "asdf": 3.4030520903271415,
    "Aha": 3.4030520903271415,
    "Zedq1": 3.4030520903271415
  },
  "pain": {
    "Orthopedics": 3.3349910485205987
  },
  "arm": {
    "Orthopedics": 2.5012432863904492,
    "Othopedics": 2.5522890677453565
  },
  "arm pain": {
    "Orthopedics": 2.5012432863904492
  },
  "broken": {
    "Othopedics": 2.5522890677453565
  },
  "broken arm": {
    "Othopedics": 2.5522890677453565
  },
  "a": {
    "as": 19.059153737194443,
    "ss": 4.271177623573862,
    "Aha": 19.059153737194443,
    "asdf": 14.787976113620582,
    "Asd": 14.787976113620582,
    "Dermatology": 6.556798490046719,
    "Obstetrics & Gynecology": 6.556798490046719,
    "Psychiatry": 6.556798490046719,
    "Gastroenterology": 6.556798490046719,
    "Urology": 6.556798490046719,
    "Cardiology": 3.6525779136,
    "sdj": 3.6525779136,
    "sdjdhd": 3.6525779136,
    "General": 3.7647679999999997
  },
  "am": {
    "Aha": 11.135007112908928,
    "General Medicine": 11.135007112908928
  },
  "ami": {
    "Aha": 13.19381511290893,
    "General Medicine": 13.19381511290893
  },
  "amit": {
    "Aha": 17.858927909708928,
    "General Medicine": 17.858927909708928,
    "sdj": 6.669033593599999,
    "sdjdhd": 1.8078415935999996
  },
  "b": {
    "as": 18.76727482498821,
    "asdf": 18.76727482498821,
    "Aha": 18.76727482498821,
    "Pediatrics": 4.54289344735744,
    "Orthopedics": 4.54289344735744,
    "Asd": 1.7362510664934396,
    "sdj": 1.7716847617279996
  },
  "orthopedics": {
    "Orthopedics": 6.964500029719141,
    "sdj": 8.912659056448,
    "sdjdhd": 1.8078415935999996
  },
  "h": {
    "ss": 2.605446841963571,
    "Cardiology": 0.9039207967999998,
    "Neurology": 0.9039207967999998,
    "sdj": 1.8078415935999996,
    "sdjdhd": 1.8078415935999996
  },
  "ha": {
    "Aha": 1.7015260451635708
  },
  "o": {
    "ss": 1.7015260451635708
  },
  "or": {
    "Orthopedics": 1.7015260451635708,
    "Othopedics": 1.7015260451635708
  },
  "dr ortho": {
    "Orthopedics": 5.104578135490713,
    "as": 3.4030520903271415,
    "asdf": 3.4030520903271415,
    "Aha": 3.4030520903271415,
    "Zedq1": 3.4030520903271415
  },
  "ort": {
    "Orthopedics": 1.7015260451635708,
    "Othopedics": 1.7015260451635708
  },
  "orth": {
    "Orthopedics": 1.7015260451635708,
    "Othopedics": 1.7015260451635708
  },
  "ac": {
    "Dermatology": 0.8681255332467198,
    "Gastroenterology": 0.8681255332467198,
    "Bachchodi": 1.7362510664934396
  },
  "l": {
    "ss": 4.3406276662336,
    "General Medicine": 4.3406276662336
  },
  "leg": {
    "as": 10.417506398960638,
    "asdf": 10.417506398960638,
    "Aha": 10.417506398960638,
    "Pediatrics": 0.8681255332467198,
    "Orthopedics": 3.4725021329868793,
    "Asd": 6.9450042659737585,
    "Zedq1": 2.6043765997401596
  },
  "leg b": {
    "as": 2.6043765997401596,
    "asdf": 2.6043765997401596,
    "Aha": 2.6043765997401596,
    "Pediatrics": 0.8681255332467198,
    "Orthopedics": 0.8681255332467198,
    "Asd": 1.7362510664934396
  },
  "leg bone": {
    "Orthopedics": 0.8681255332467198,
    "as": 2.6043765997401596,
    "asdf": 2.6043765997401596,
    "Aha": 2.6043765997401596,
    "Zedq1": 2.6043765997401596,
    "Asd": 1.7362510664934396
  },
  "bon": {
    "as": 8.089953199480318,
    "asdf": 8.089953199480318,
    "Aha": 8.089953199480318,
    "Orthopedics": 2.6966510664934398,
    "Asd": 7.2218276662336
  },
  "leg bon": {
    "as": 2.6043765997401596,
    "asdf": 2.6043765997401596,
    "Aha": 2.6043765997401596,
    "Orthopedics": 0.8681255332467198,
    "Asd": 1.7362510664934396
  },
  "bo": {
    "as": 8.089953199480318,
    "asdf": 8.089953199480318,
    "Aha": 8.089953199480318,
    "Orthopedics": 2.6966510664934398,
    "Asd": 6.3537021329868795
  },
  "leg bo": {
    "as": 2.6043765997401596,
    "asdf": 2.6043765997401596,
    "Aha": 2.6043765997401596,
    "Orthopedics": 0.8681255332467198,
    "Asd": 1.7362510664934396
  },
  "frac": {
    "Orthopedics": 1.7362510664934396
  },
  "fracture": {
    "Orthopedics": 5.208753199480319,
    "as": 3.4725021329868793,
    "asdf": 3.4725021329868793,
    "Aha": 3.4725021329868793,
    "Zedq1": 3.4725021329868793
  },
  "fractur": {
    "Orthopedics": 0.8681255332467198
  },
  "f": {
    "General Medicine": 0.8681255332467198,
    "Orthopedics": 0.8681255332467198,
    "Obstetrics & Gynecology": 0.8681255332467198,
    "asdf": 1.7362510664934396
  },
  "s": {
    "General Medicine": 5.535330860864001,
    "ENT": 5.535330860864001,
    "Dermatology": 5.535330860864001,
    "Endocrinology": 5.535330860864001,
    "Neurology": 5.535330860864001,
    "Gastroenterology": 5.535330860864001,
    "sdj": 11.955382201727998,
    "sdbg": 9.26132928,
    "sdjdhd": 9.26132928,
    "sd": 9.26132928
  },
  "he": {
    "Cardiology": 0.9039207967999998,
    "Neurology": 0.9039207967999998
  },
  "d": {
    "Dermatology": 0.9223681599999999,
    "Endocrinology": 0.9223681599999999,
    "Dentistry": 0.9223681599999999,
    "Psychiatry": 0.9223681599999999,
    "Cardiology": 1.8447363199999998,
    "sdj": 1.8447363199999998,
    "sdbg": 1.8447363199999998,
    "sdjdhd": 1.8447363199999998,
    "sd": 1.8447363199999998
  },
  "der": {
    "Dermatology": 0.9223681599999999
  },
  "p": {
    "Cardiology": 0.9223681599999999,
    "Obstetrics & Gynecology": 0.9223681599999999,
    "Pediatrics": 0.9223681599999999,
    "Psychiatry": 0.9223681599999999
  },
  "g": {
    "Endocrinology": 0.9223681599999999,
    "Gastroenterology": 0.9223681599999999,
    "Cardiology": 1.8447363199999998,
    "sdbg": 1.8447363199999998
  },
  "r": {
    "Dermatology": 0.9411919999999999,
    "Urology": 0.9411919999999999,
    "Nephrology": 0.9411919999999999,
    "General": 1.8823839999999998
  },
  "ko": {
    "Aha": 5.88,
    "General Medicine": 5.88,
    "sdj": 1.96
  }
}