{
  "ortho": {
    "Orthopedics": 13.351495350534348,
    "as": 8.59515112708056,
    "asdf": 8.59515112708056,
    "Aha": 6.63515112708056,
    "Othopedics": 1.6014627014995915,
    "Zedq1": 6.993688425580968,
    "sdj": 1.7015260451635708
  },
  "bone": {
    "Orthopedics": 16.59647408771682,
    "as": 24.954129144758195,
    "asdf": 24.954129144758195,
    "Aha": 24.954129144758195,
    "Zedq1": 24.954129144758195,
    "Asd": 9.945886750199966,
    "sdj": 5.105272635917311
  },
  "dr": {
    "Orthopedics": 5.589104828233575,
    "as": 3.202925402999183,
    "asdf": 3.202925402999183,
    "Aha": 3.202925402999183,
    "Zedq1": 3.202925402999183
  },
  "pain": {
    "Orthopedics": 3.1388668949391993
  },
  "arm": {
    "Orthopedics": 2.3541501712043993,
    "Othopedics": 2.402194052249387
  },
  "arm pain": {
    "Orthopedics": 2.3541501712043993
  },
  "broken": {
    "Othopedics": 2.402194052249387
  },
  "broken arm": {
    "Othopedics": 2.402194052249387
  },
  "a": {
    "as": 17.93832302421751,
    "ss": 4.01999820988673,
    "Aha": 17.93832302421751,
    "asdf": 13.918324814330783,
    "Asd": 13.918324814330783,
    "Dermatology": 6.171206284444051,
    "Obstetrics & Gynecology": 6.171206284444051,
    "Psychiatry": 6.171206284444051,
    "Gastroenterology": 6.171206284444051,
    "Urology": 6.171206284444051,
    "Cardiology": 3.437777111657011,
    "sdj": 3.437777111657011,
    "sdjdhd": 3.437777111657011,
    "General": 3.543369523455999
  },
  "am": {
    "Aha": 10.48017961461298,
    "General Medicine": 10.48017961461298
  },
  "ami": {
    "Aha": 12.41791323374898,
    "General Medicine": 12.41791323374898
  },
  "amit": {
    "Aha": 16.808680077194765,
    "General Medicine": 16.808680077194765,
    "sdj": 6.276841066027569,
    "sdjdhd": 1.7015260451635708
  },
  "b": {
    "as": 26.5448089270803,
    "asdf": 26.5448089270803,
    "Aha": 26.5448089270803,
    "Pediatrics": 7.236134969505244,
    "Orthopedics": 13.156934969505244,
    "Asd": 1.6341456137750934,
    "sdj": 1.6674955242602993,
    "General": 1.9207999999999998,
    "Bachchodi": 1.9207999999999998
  },
  "orthopedics": {
    "Orthopedics": 26.214931711971417,
    "sdj": 13.308523402656405,
    "sdjdhd": 6.621526045163571
  },
  "h": {
    "ss": 2.452225724081377,
    "Cardiology": 0.8507630225817854,
    "Neurology": 0.8507630225817854,
    "sdj": 1.7015260451635708,
    "sdjdhd": 1.7015260451635708
  },
  "ha": {
    "Aha": 1.6014627014995915
  },
  "o": {
    "ss": 1.6014627014995915
  },
  "or": {
    "Orthopedics": 1.6014627014995915,
    "Othopedics": 1.6014627014995915
  },
  "dr ortho": {
    "Orthopedics": 4.804388104498774,
    "as": 3.202925402999183,
    "asdf": 3.202925402999183,
    "Aha": 3.202925402999183,
    "Zedq1": 3.202925402999183
  },
  "ort": {
    "Orthopedics": 1.6014627014995915,
    "Othopedics": 1.6014627014995915
  },
  "orth": {
    "Orthopedics": 1.6014627014995915,
    "Othopedics": 1.6014627014995915
  },
  "ac": {
    "Dermatology": 0.8170728068875467,
    "Gastroenterology": 0.8170728068875467,
    "Bachchodi": 1.6341456137750934
  },
  "l": {
    "ss": 4.085364034437735,
    "General Medicine": 4.085364034437735
  },
  "leg": {
    "as": 9.80487368265056,
    "asdf": 9.80487368265056,
    "Aha": 9.80487368265056,
    "Pediatrics": 0.8170728068875467,
    "Orthopedics": 3.2682912275501868,
    "Asd": 6.5365824551003735,
    "Zedq1": 2.45121842066264
  },
  "leg b": {
    "as": 2.45121842066264,
    "asdf": 2.45121842066264,
    "Aha": 2.45121842066264,
    "Pediatrics": 0.8170728068875467,
    "Orthopedics": 0.8170728068875467,
    "Asd": 1.6341456137750934
  },
  "leg bone": {
    "Orthopedics": 0.8170728068875467,
    "as": 2.45121842066264,
    "asdf": 2.45121842066264,
    "Aha": 2.45121842066264,
    "Zedq1": 2.45121842066264,
    "Asd": 1.6341456137750934
  },
  "bon": {
    "as": 16.37659923172528,
    "asdf": 16.37659923172528,
    "Aha": 16.37659923172528,
    "Orthopedics": 5.4588664105750935,
    "Asd": 15.559526424837733
  },
  "leg bon": {
    "as": 2.45121842066264,
    "asdf": 2.45121842066264,
    "Aha": 2.45121842066264,
    "Orthopedics": 0.8170728068875467,
    "Asd": 1.6341456137750934
  },
  "bo": {
    "as": 13.49539923172528,
    "asdf": 13.49539923172528,
    "Aha": 13.49539923172528,
    "Orthopedics": 4.498466410575093,
    "Asd": 11.861253617950187,
    "General": 1.9207999999999998
  },
  "leg bo": {
    "as": 2.45121842066264,
    "asdf": 2.45121842066264,
    "Aha": 2.45121842066264,
    "Orthopedics": 0.8170728068875467,
    "Asd": 1.6341456137750934
  },
  "frac": {
    "Orthopedics": 1.6341456137750934
  },
  "fracture": {
    "Orthopedics": 4.90243684132528,
    "as": 3.2682912275501868,
    "asdf": 3.2682912275501868,
    "Aha": 3.2682912275501868,
    "Zedq1": 3.2682912275501868
  },
  "fractur": {
    "Orthopedics": 0.8170728068875467
  },
  "f": {
    "General Medicine": 0.8170728068875467,
    "Orthopedics": 0.8170728068875467,
    "Obstetrics & Gynecology": 0.8170728068875467,
    "asdf": 1.6341456137750934
  },
  "s": {
    "General Medicine": 5.209809123598309,
    "ENT": 5.209809123598309,
    "Dermatology": 5.209809123598309,
    "Endocrinology": 5.209809123598309,
    "Neurology": 5.209809123598309,
    "Gastroenterology": 5.209809123598309,
    "sdj": 11.252310085208777,
    "sdbg": 8.716689027701758,
    "sdjdhd": 8.716689027701758,
    "sd": 8.716689027701758
  },
  "he": {
    "Cardiology": 0.8507630225817854,
    "Neurology": 0.8507630225817854
  },
  "d": {
    "Dermatology": 0.8681255332467198,
    "Endocrinology": 0.8681255332467198,
    "Dentistry": 0.8681255332467198,
    "Psychiatry": 0.8681255332467198,
    "Cardiology": 1.7362510664934396,
    "sdj": 1.7362510664934396,
    "sdbg": 1.7362510664934396,
    "sdjdhd": 1.7362510664934396,
    "sd": 1.7362510664934396
  },
  "der": {
    "Dermatology": 0.8681255332467198
  },
  "p": {
    "Cardiology": 0.8681255332467198,
    "Obstetrics & Gynecology": 0.8681255332467198,
    "Pediatrics": 0.8681255332467198,
    "Psychiatry": 0.8681255332467198
  },
  "g": {
    "Endocrinology": 0.8681255332467198,
    "Gastroenterology": 0.8681255332467198,
    "Cardiology": 1.7362510664934396,
    "sdbg": 1.7362510664934396
  },
  "r": {
    "Dermatology": 1.8858423808639997,
    "Urology": 1.8858423808639997,
    "Nephrology": 1.8858423808639997,
    "General": 4.771684761727999,
    "r": 2,
    "Russian": 2
  },
  "ko": {
    "Aha": 5.534208959999999,
    "General Medicine": 5.534208959999999,
    "sdj": 1.8447363199999998
  }
}