{
  "ortho": {
    "Orthopedics": 11.467176,
    "as": 5.7623999999999995,
    "asdf": 5.7623999999999995,
    "Aha": 5.7623999999999995,
    "Othopedics": 1.9207999999999998,
    "Zedq1": 3.8415999999999997
  },
  "bone": {
    "Orthopedics": 14.408752,
    "as": 17.561999999999998,
    "asdf": 17.561999999999998,
    "Aha": 17.561999999999998,
    "Zedq1": 17.561999999999998,
    "Asd": 9.760800000000001,
    "sdj": 2
  },
  "dr": {
    "Orthopedics": 6.703592,
    "as": 3.8415999999999997,
    "asdf": 3.8415999999999997,
    "Aha": 3.8415999999999997,
    "Zedq1": 3.8415999999999997
  },
  "pain": {
    "Orthopedics": 3.7647679999999997
  },
  "arm": {
    "Orthopedics": 2.8235759999999996,
    "Othopedics": 2.8811999999999998
  },
  "arm pain": {
    "Orthopedics": 2.8235759999999996
  },
  "broken": {
    "Othopedics": 2.8811999999999998
  },
  "broken arm": {
    "Othopedics": 2.8811999999999998
  },
  "a": {
    "Russian": 4.8216,
    "as": 10.623199999999999,
    "ss": 4.8216,
    "Chudai": 4.8216,
    "Aha": 10.623199999999999,
    "asdf": 5.8016,
    "Asd": 5.8016,
    "Dermatology": 0.98,
    "Obstetrics & Gynecology": 0.98,
    "Psychiatry": 0.98,
    "Gastroenterology": 0.98,
    "Urology": 0.98
  },
  "am": {
    "Chudai": 4.8020000000000005,
    "Amit ko rand banaye rakhna": 4.8020000000000005,
    "Aha": 4.8020000000000005,
    "General Medicine": 4.8020000000000005
  },
  "ami": {
    "Chudai": 4.8020000000000005,
    "Amit ko rand banaye rakhna": 4.8020000000000005,
    "Aha": 4.8020000000000005,
    "General Medicine": 4.8020000000000005
  },
  "amit": {
    "Chudai": 4.8020000000000005,
    "Amit ko rand banaye rakhna": 4.8020000000000005,
    "Aha": 4.8020000000000005,
    "General Medicine": 4.8020000000000005
  },
  "b": {
    "Bachchodi": 15.602,
    "Amit ko rand banaye rakhna": 15.602,
    "as": 14.680800000000001,
    "asdf": 14.680800000000001,
    "Aha": 14.680800000000001,
    "Pediatrics": 2.96,
    "Orthopedics": 2.96,
    "Asd": 1.96,
    "sdj": 2
  },
  "orthopedics": {
    "Orthopedics": 6.8416,
    "sdj": 7
  },
  "h": {
    "ss": 1.9207999999999998,
    "Chudai": 1.9207999999999998,
    "Bachchodi": 1.9207999999999998,
    "Amit ko rand banaye rakhna": 1.9207999999999998,
    "Aha": 1.9207999999999998
  },
  "ha": {
    "Aha": 1.9207999999999998
  },
  "o": {
    "ss": 1.9207999999999998,
    "Chudai": 1.9207999999999998,
    "aa": 1.9207999999999998,
    "Bachchodi": 1.9207999999999998,
    "Amit ko rand banaye rakhna": 1.9207999999999998
  },
  "or": {
    "Orthopedics": 1.9207999999999998,
    "Othopedics": 1.9207999999999998
  },
  "dr ortho": {
    "Orthopedics": 5.7623999999999995,
    "as": 3.8415999999999997,
    "asdf": 3.8415999999999997,
    "Aha": 3.8415999999999997,
    "Zedq1": 3.8415999999999997
  },
  "ort": {
    "Orthopedics": 1.9207999999999998,
    "Othopedics": 1.9207999999999998
  },
  "orth": {
    "Orthopedics": 1.9207999999999998,
    "Othopedics": 1.9207999999999998
  },
  "ac": {
    "Dermatology": 0.98,
    "Gastroenterology": 0.98,
    "Bachchodi": 1.96
  },
  "l": {
    "ss": 4.9,
    "Bachchodi": 4.9,
    "General Medicine": 4.9
  },
  "leg": {
    "Bachchodi": 2.94,
    "Amit ko rand banaye rakhna": 2.94,
    "as": 11.76,
    "asdf": 11.76,
    "Aha": 11.76,
    "Pediatrics": 0.98,
    "Orthopedics": 3.92,
    "Asd": 7.84,
    "Zedq1": 2.94
  },
  "leg b": {
    "Bachchodi": 0.98,
    "Amit ko rand banaye rakhna": 0.98,
    "as": 2.94,
    "asdf": 2.94,
    "Aha": 2.94,
    "Pediatrics": 0.98,
    "Orthopedics": 0.98,
    "Asd": 1.96
  },
  "leg bone": {
    "Orthopedics": 0.98,
    "as": 2.94,
    "asdf": 2.94,
    "Aha": 2.94,
    "Zedq1": 2.94,
    "Asd": 1.96
  },
  "bon": {
    "Bachchodi": 1.96,
    "Amit ko rand banaye rakhna": 0.98,
    "as": 5.88,
    "asdf": 5.88,
    "Aha": 5.88,
    "Orthopedics": 1.96,
    "Asd": 4.9
  },
  "leg bon": {
    "Bachchodi": 0.98,
    "Amit ko rand banaye rakhna": 0.98,
    "as": 2.94,
    "asdf": 2.94,
    "Aha": 2.94,
    "Orthopedics": 0.98,
    "Asd": 1.96
  },
  "bo": {
    "Bachchodi": 1.96,
    "Amit ko rand banaye rakhna": 1.96,
    "as": 5.88,
    "asdf": 5.88,
    "Aha": 5.88,
    "Orthopedics": 1.96,
    "Asd": 3.92
  },
  "leg bo": {
    "Bachchodi": 0.98,
    "Amit ko rand banaye rakhna": 0.98,
    "as": 2.94,
    "asdf": 2.94,
    "Aha": 2.94,
    "Orthopedics": 0.98,
    "Asd": 1.96
  },
  "frac": {
    "Orthopedics": 1.96
  },
  "fracture": {
    "Orthopedics": 5.88,
    "as": 3.92,
    "asdf": 3.92,
    "Aha": 3.92,
    "Zedq1": 3.92
  },
  "fractur": {
    "Orthopedics": 0.98
  },
  "f": {
    "General Medicine": 0.98,
    "Orthopedics": 0.98,
    "Obstetrics & Gynecology": 0.98,
    "asdf": 1.96
  },
  "s": {
    "General Medicine": 1,
    "ENT": 1,
    "Dermatology": 1,
    "Endocrinology": 1,
    "Neurology": 1,
    "Gastroenterology": 1,
    "sdj": 2
  }
}