{
  "ortho": {
    "Orthopedics": 10.840790660697989,
    "as": 5.888328953644898,
    "asdf": 5.888328953644898,
    "Aha": 5.888328953644898,
    "Othopedics": 1.6674955242602993,
    "Zedq1": 4.220833429384599,
    "sdj": 1.7716847617279996
  },
  "bone": {
    "Orthopedics": 16.23956069108374,
    "as": 22.859359792542893,
    "asdf": 22.859359792542893,
    "Aha": 22.859359792542893,
    "Zedq1": 22.859359792542893,
    "Asd": 10.355983704914584,
    "sdj": 5.315777421821441
  },
  "dr": {
    "Orthopedics": 5.819559379668446,
    "as": 3.3349910485205987,
    "asdf": 3.3349910485205987,
    "Aha": 3.3349910485205987,
    "Zedq1": 3.3349910485205987
  },
  "pain": {
    "Orthopedics": 3.2682912275501868
  },
  "arm": {
    "Orthopedics": 2.45121842066264,
    "Othopedics": 2.5012432863904492
  },
  "arm pain": {
    "Orthopedics": 2.45121842066264
  },
  "broken": {
    "Othopedics": 2.5012432863904492
  },
  "broken arm": {
    "Othopedics": 2.5012432863904492
  },
  "a": {
    "as": 18.677970662450555,
    "ss": 4.185754071102385,
    "Aha": 18.677970662450555,
    "asdf": 14.49221659134817,
    "Asd": 14.49221659134817,
    "Dermatology": 6.425662520245785,
    "Obstetrics & Gynecology": 6.425662520245785,
    "Psychiatry": 6.425662520245785,
    "Gastroenterology": 6.425662520245785,
    "Urology": 6.425662520245785,
    "Cardiology": 3.579526355328,
    "sdj": 3.579526355328,
    "sdjdhd": 3.579526355328,
    "General": 3.6894726399999995
  },
  "am": {
    "Aha": 10.91230697065075,
    "General Medicine": 10.91230697065075
  },
  "ami": {
    "Aha": 12.92993881065075,
    "General Medicine": 12.92993881065075
  },
  "amit": {
    "Aha": 17.50174935151475,
    "General Medicine": 17.50174935151475,
    "sdj": 6.535652921727999,
    "sdjdhd": 1.7716847617279996
  },
  "b": {
    "as": 21.391929328488445,
    "asdf": 21.391929328488445,
    "Aha": 21.391929328488445,
    "Pediatrics": 5.452035578410292,
    "Orthopedics": 7.452035578410292,
    "Asd": 1.7015260451635708,
    "sdj": 1.7362510664934396,
    "General": 2,
    "Bachchodi": 2
  },
  "orthopedics": {
    "Orthopedics": 6.825210029124758,
    "sdj": 8.73440587531904,
    "sdjdhd": 1.7716847617279996
  },
  "h": {
    "ss": 2.5533379051242995,
    "Cardiology": 0.8858423808639998,
    "Neurology": 0.8858423808639998,
    "sdj": 1.7716847617279996,
    "sdjdhd": 1.7716847617279996
  },
  "ha": {
    "Aha": 1.6674955242602993
  },
  "o": {
    "ss": 1.6674955242602993
  },
  "or": {
    "Orthopedics": 1.6674955242602993,
    "Othopedics": 1.6674955242602993
  },
  "dr ortho": {
    "Orthopedics": 5.0024865727808985,
    "as": 3.3349910485205987,
    "asdf": 3.3349910485205987,
    "Aha": 3.3349910485205987,
    "Zedq1": 3.3349910485205987
  },
  "ort": {
    "Orthopedics": 1.6674955242602993,
    "Othopedics": 1.6674955242602993
  },
  "orth": {
    "Orthopedics": 1.6674955242602993,
    "Othopedics": 1.6674955242602993
  },
  "ac": {
    "Dermatology": 0.8507630225817854,
    "Gastroenterology": 0.8507630225817854,
    "Bachchodi": 1.7015260451635708
  },
  "l": {
    "ss": 4.253815112908928,
    "General Medicine": 4.253815112908928
  },
  "leg": {
    "as": 10.209156270981426,
    "asdf": 10.209156270981426,
    "Aha": 10.209156270981426,
    "Pediatrics": 0.8507630225817854,
    "Orthopedics": 3.4030520903271415,
    "Asd": 6.806104180654283,
    "Zedq1": 2.5522890677453565
  },
  "leg b": {
    "as": 2.5522890677453565,
    "asdf": 2.5522890677453565,
    "Aha": 2.5522890677453565,
    "Pediatrics": 0.8507630225817854,
    "Orthopedics": 0.8507630225817854,
    "Asd": 1.7015260451635708
  },
  "leg bone": {
    "Orthopedics": 0.8507630225817854,
    "as": 2.5522890677453565,
    "asdf": 2.5522890677453565,
    "Aha": 2.5522890677453565,
    "Zedq1": 2.5522890677453565,
    "Asd": 1.7015260451635708
  },
  "bon": {
    "as": 13.928154135490711,
    "asdf": 13.928154135490711,
    "Aha": 13.928154135490711,
    "Orthopedics": 4.642718045163571,
    "Asd": 13.077391112908927
  },
  "leg bon": {
    "as": 2.5522890677453565,
    "asdf": 2.5522890677453565,
    "Aha": 2.5522890677453565,
    "Orthopedics": 0.8507630225817854,
    "Asd": 1.7015260451635708
  },
  "bo": {
    "as": 10.928154135490711,
    "asdf": 10.928154135490711,
    "Aha": 10.928154135490711,
    "Orthopedics": 3.642718045163571,
    "Asd": 9.226628090327143,
    "General": 2
  },
  "leg bo": {
    "as": 2.5522890677453565,
    "asdf": 2.5522890677453565,
    "Aha": 2.5522890677453565,
    "Orthopedics": 0.8507630225817854,
    "Asd": 1.7015260451635708
  },
  "frac": {
    "Orthopedics": 1.7015260451635708
  },
  "fracture": {
    "Orthopedics": 5.104578135490713,
    "as": 3.4030520903271415,
    "asdf": 3.4030520903271415,
    "Aha": 3.4030520903271415,
    "Zedq1": 3.4030520903271415
  },
  "fractur": {
    "Orthopedics": 0.8507630225817854
  },
  "f": {
    "General Medicine": 0.8507630225817854,
    "Orthopedics": 0.8507630225817854,
    "Obstetrics & Gynecology": 0.8507630225817854,
    "asdf": 1.7015260451635708
  },
  "s": {
    "General Medicine": 5.42462424364672,
    "ENT": 5.42462424364672,
    "Dermatology": 5.42462424364672,
    "Endocrinology": 5.42462424364672,
    "Neurology": 5.42462424364672,
    "Gastroenterology": 5.42462424364672,
    "sdj": 11.716274557693438,
    "sdbg": 9.0761026944,
    "sdjdhd": 9.0761026944,
    "sd": 9.0761026944
  },
  "he": {
    "Cardiology": 0.8858423808639998,
    "Neurology": 0.8858423808639998
  },
  "d": {
    "Dermatology": 0.9039207967999998,
    "Endocrinology": 0.9039207967999998,
    "Dentistry": 0.9039207967999998,
    "Psychiatry": 0.9039207967999998,
    "Cardiology": 1.8078415935999996,
    "sdj": 1.8078415935999996,
    "sdbg": 1.8078415935999996,
    "sdjdhd": 1.8078415935999996,
    "sd": 1.8078415935999996
  },
  "der": {
    "Dermatology": 0.9039207967999998
  },
  "p": {
    "Cardiology": 0.9039207967999998,
    "Obstetrics & Gynecology": 0.9039207967999998,
    "Pediatrics": 0.9039207967999998,
    "Psychiatry": 0.9039207967999998
  },
  "g": {
    "Endocrinology": 0.9039207967999998,
    "Gastroenterology": 0.9039207967999998,
    "Cardiology": 1.8078415935999996,
    "sdbg": 1.8078415935999996
  },
  "r": {
    "Dermatology": 0.9223681599999999,
    "Urology": 0.9223681599999999,
    "Nephrology": 0.9223681599999999,
    "General": 1.8447363199999998
  },
  "ko": {
    "Aha": 5.7623999999999995,
    "General Medicine": 5.7623999999999995,
    "sdj": 1.9207999999999998
  }
}