{
  "ortho": {
    "Orthopedics": 11.287787026965836,
    "as": 6.131121359480319,
    "asdf": 6.131121359480319,
    "Aha": 6.131121359480319,
    "Othopedics": 1.7362510664934396,
    "Zedq1": 4.394870292986879,
    "sdj": 1.8447363199999998
  },
  "bone": {
    "Orthopedics": 15.86793074873359,
    "as": 20.678217193401597,
    "asdf": 20.678217193401597,
    "Aha": 20.678217193401597,
    "Zedq1": 20.678217193401597,
    "Asd": 10.78299011340544,
    "sdj": 5.5349619136
  },
  "dr": {
    "Orthopedics": 6.059516222062106,
    "as": 3.4725021329868793,
    "asdf": 3.4725021329868793,
    "Aha": 3.4725021329868793,
    "Zedq1": 3.4725021329868793
  },
  "pain": {
    "Orthopedics": 3.4030520903271415
  },
  "arm": {
    "Orthopedics": 2.5522890677453565,
    "Othopedics": 2.6043765997401596
  },
  "arm pain": {
    "Orthopedics": 2.5522890677453565
  },
  "broken": {
    "Othopedics": 2.6043765997401596
  },
  "broken arm": {
    "Othopedics": 2.6043765997401596
  },
  "a": {
    "Russian": 9.14270467385088,
    "as": 16.38689156856576,
    "ss": 4.358344513850879,
    "Chudai": 4.358344513850879,
    "Aha": 16.38689156856576,
    "asdf": 12.02854705471488,
    "Asd": 12.02854705471488,
    "Dermatology": 5.6702025408639996,
    "Obstetrics & Gynecology": 5.6702025408639996,
    "Psychiatry": 5.6702025408639996,
    "Gastroenterology": 5.6702025408639996,
    "Urology": 5.6702025408639996,
    "Cardiology": 3.72712032,
    "sdj": 3.72712032,
    "sdjdhd": 3.72712032,
    "General": 3.8415999999999997
  },
  "am": {
    "Chudai": 8.301027666233601,
    "Amit ko rand banaye rakhna": 8.301027666233601,
    "Aha": 8.301027666233601,
    "General Medicine": 8.301027666233601
  },
  "ami": {
    "Chudai": 7.3406276662336,
    "Amit ko rand banaye rakhna": 7.3406276662336,
    "Aha": 7.3406276662336,
    "General Medicine": 7.3406276662336
  },
  "amit": {
    "Chudai": 18.2233958262336,
    "Amit ko rand banaye rakhna": 18.2233958262336,
    "Aha": 18.2233958262336,
    "General Medicine": 18.2233958262336,
    "sdj": 6.805136319999999,
    "sdjdhd": 1.8447363199999998
  },
  "b": {
    "Bachchodi": 19.9829722716736,
    "Amit ko rand banaye rakhna": 19.9829722716736,
    "as": 19.15028043366144,
    "asdf": 19.15028043366144,
    "Aha": 19.15028043366144,
    "Pediatrics": 4.635605558528001,
    "Orthopedics": 4.635605558528001,
    "Asd": 1.7716847617279996,
    "sdj": 1.8078415935999996
  },
  "orthopedics": {
    "Orthopedics": 7.106632683386879,
    "sdj": 9.0945500576,
    "sdjdhd": 1.8447363199999998
  },
  "h": {
    "ss": 2.65861922649344,
    "Chudai": 2.65861922649344,
    "Bachchodi": 2.65861922649344,
    "Amit ko rand banaye rakhna": 2.65861922649344,
    "Aha": 2.65861922649344,
    "Cardiology": 0.9223681599999999,
    "Neurology": 0.9223681599999999,
    "sdj": 1.8447363199999998,
    "sdjdhd": 1.8447363199999998
  },
  "ha": {
    "Aha": 1.7362510664934396
  },
  "o": {
    "ss": 1.7362510664934396,
    "Chudai": 1.7362510664934396,
    "aa": 1.7362510664934396,
    "Bachchodi": 1.7362510664934396,
    "Amit ko rand banaye rakhna": 1.7362510664934396
  },
  "or": {
    "Orthopedics": 1.7362510664934396,
    "Othopedics": 1.7362510664934396
  },
  "dr ortho": {
    "Orthopedics": 5.208753199480319,
    "as": 3.4725021329868793,
    "asdf": 3.4725021329868793,
    "Aha": 3.4725021329868793,
    "Zedq1": 3.4725021329868793
  },
  "ort": {
    "Orthopedics": 1.7362510664934396,
    "Othopedics": 1.7362510664934396
  },
  "orth": {
    "Orthopedics": 1.7362510664934396,
    "Othopedics": 1.7362510664934396
  },
  "ac": {
    "Dermatology": 0.8858423808639998,
    "Gastroenterology": 0.8858423808639998,
    "Bachchodi": 1.7716847617279996
  },
  "l": {
    "ss": 4.429211904320001,
    "Bachchodi": 4.429211904320001,
    "General Medicine": 4.429211904320001
  },
  "leg": {
    "Bachchodi": 2.6575271425919995,
    "Amit ko rand banaye rakhna": 2.6575271425919995,
    "as": 10.630108570367998,
    "asdf": 10.630108570367998,
    "Aha": 10.630108570367998,
    "Pediatrics": 0.8858423808639998,
    "Orthopedics": 3.543369523455999,
    "Asd": 7.086739046911998,
    "Zedq1": 2.6575271425919995
  },
  "leg b": {
    "Bachchodi": 0.8858423808639998,
    "Amit ko rand banaye rakhna": 0.8858423808639998,
    "as": 2.6575271425919995,
    "asdf": 2.6575271425919995,
    "Aha": 2.6575271425919995,
    "Pediatrics": 0.8858423808639998,
    "Orthopedics": 0.8858423808639998,
    "Asd": 1.7716847617279996
  },
  "leg bone": {
    "Orthopedics": 0.8858423808639998,
    "as": 2.6575271425919995,
    "asdf": 2.6575271425919995,
    "Aha": 2.6575271425919995,
    "Zedq1": 2.6575271425919995,
    "Asd": 1.7716847617279996
  },
  "bon": {
    "Bachchodi": 2.751684761728,
    "Amit ko rand banaye rakhna": 0.8858423808639998,
    "as": 8.255054285183999,
    "asdf": 8.255054285183999,
    "Aha": 8.255054285183999,
    "Orthopedics": 2.751684761728,
    "Asd": 7.36921190432
  },
  "leg bon": {
    "Bachchodi": 0.8858423808639998,
    "Amit ko rand banaye rakhna": 0.8858423808639998,
    "as": 2.6575271425919995,
    "asdf": 2.6575271425919995,
    "Aha": 2.6575271425919995,
    "Orthopedics": 0.8858423808639998,
    "Asd": 1.7716847617279996
  },
  "bo": {
    "Bachchodi": 2.751684761728,
    "Amit ko rand banaye rakhna": 1.7716847617279996,
    "as": 8.255054285183999,
    "asdf": 8.255054285183999,
    "Aha": 8.255054285183999,
    "Orthopedics": 2.751684761728,
    "Asd": 6.483369523455999
  },
  "leg bo": {
    "Bachchodi": 0.8858423808639998,
    "Amit ko rand banaye rakhna": 0.8858423808639998,
    "as": 2.6575271425919995,
    "asdf": 2.6575271425919995,
    "Aha": 2.6575271425919995,
    "Orthopedics": 0.8858423808639998,
    "Asd": 1.7716847617279996
  },
  "frac": {
    "Orthopedics": 1.7716847617279996
  },
  "fracture": {
    "Orthopedics": 5.315054285183999,
    "as": 3.543369523455999,
    "asdf": 3.543369523455999,
    "Aha": 3.543369523455999,
    "Zedq1": 3.543369523455999
  },
  "fractur": {
    "Orthopedics": 0.8858423808639998
  },
  "f": {
    "General Medicine": 0.8858423808639998,
    "Orthopedics": 0.8858423808639998,
    "Obstetrics & Gynecology": 0.8858423808639998,
    "asdf": 1.7716847617279996
  },
  "s": {
    "General Medicine": 5.6482967968,
    "ENT": 5.6482967968,
    "Dermatology": 5.6482967968,
    "Endocrinology": 5.6482967968,
    "Neurology": 5.6482967968,
    "Gastroenterology": 5.6482967968,
    "sdj": 12.199369593599998,
    "sdbg": 9.450336,
    "sdjdhd": 9.450336,
    "sd": 9.450336
  },
  "he": {
    "Cardiology": 0.9223681599999999,
    "Neurology": 0.9223681599999999
  },
  "d": {
    "Dermatology": 0.9411919999999999,
    "Endocrinology": 0.9411919999999999,
    "Dentistry": 0.9411919999999999,
    "Psychiatry": 0.9411919999999999,
    "Cardiology": 1.8823839999999998,
    "sdj": 1.8823839999999998,
    "sdbg": 1.8823839999999998,
    "sdjdhd": 1.8823839999999998,
    "sd": 1.8823839999999998
  },
  "der": {
    "Dermatology": 0.9411919999999999
  },
  "p": {
    "Cardiology": 0.9411919999999999,
    "Obstetrics & Gynecology": 0.9411919999999999,
    "Pediatrics": 0.9411919999999999,
    "Psychiatry": 0.9411919999999999
  },
  "g": {
    "Endocrinology": 0.9411919999999999,
    "Gastroenterology": 0.9411919999999999,
    "Cardiology": 1.8823839999999998,
    "sdbg": 1.8823839999999998
  },
  "r": {
    "Dermatology": 0.9603999999999999,
    "Urology": 0.9603999999999999,
    "Nephrology": 0.9603999999999999,
    "General": 1.9207999999999998
  },
  "ko": {
    "Chudai": 6,
    "Amit ko rand banaye rakhna": 6,
    "Aha": 6,
    "General Medicine": 6,
    "sdj": 2
  },
  "rand": {
    "Chudai": 6,
    "Amit ko rand banaye rakhna": 6,
    "Aha": 6,
    "General Medicine": 6,
    "sdj": 2
  },
  "banaye": {
    "Chudai": 6,
    "Amit ko rand banaye rakhna": 6,
    "Aha": 6,
    "General Medicine": 6,
    "sdj": 2
  },
  "rakhna": {
    "Chudai": 6,
    "Amit ko rand banaye rakhna": 6,
    "Aha": 6,