{
  "ortho": {
    "Orthopedics": 13.623974847484028,
    "as": 8.770562374572,
    "asdf": 8.770562374572,
    "Aha": 6.770562374572,
    "Othopedics": 1.6341456137750934,
    "Zedq1": 7.136416760796907,
    "sdj": 1.7362510664934396
  },
  "bone": {
    "Orthopedics": 15.914769477262064,
    "as": 22.402172596692036,
    "asdf": 22.402172596692036,
    "Aha": 22.402172596692036,
    "Zedq1": 22.402172596692036,
    "Asd": 10.148864030816291,
    "sdj": 5.2094618733850115
  },
  "dr": {
    "Orthopedics": 5.7031681920750765,
    "as": 3.2682912275501868,
    "asdf": 3.2682912275501868,
    "Aha": 3.2682912275501868,
    "Zedq1": 3.2682912275501868
  },
  "pain": {
    "Orthopedics": 3.202925402999183
  },
  "arm": {
    "Orthopedics": 2.402194052249387,
    "Othopedics": 2.45121842066264
  },
  "arm pain": {
    "Orthopedics": 2.402194052249387
  },
  "broken": {
    "Othopedics": 2.45121842066264
  },
  "broken arm": {
    "Othopedics": 2.45121842066264
  },
  "a": {
    "as": 18.304411249201543,
    "ss": 4.102038989680337,
    "Aha": 18.304411249201543,
    "asdf": 14.202372259521207,
    "Asd": 14.202372259521207,
    "Dermatology": 6.297149269840869,
    "Obstetrics & Gynecology": 6.297149269840869,
    "Psychiatry": 6.297149269840869,
    "Gastroenterology": 6.297149269840869,
    "Urology": 6.297149269840869,
    "Cardiology": 3.5079358282214397,
    "sdj": 3.5079358282214397,
    "sdjdhd": 3.5079358282214397,
    "General": 3.6156831871999993
  },
  "am": {
    "Aha": 10.694060831237735,
    "General Medicine": 10.694060831237735
  },
  "ami": {
    "Aha": 12.671340034437735,
    "General Medicine": 12.671340034437735
  },
  "amit": {
    "Aha": 17.151714364484455,
    "General Medicine": 17.151714364484455,
    "sdj": 6.404939863293438,
    "sdjdhd": 1.7362510664934396
  },
  "b": {
    "as": 20.964090741918675,
    "asdf": 20.964090741918675,
    "Aha": 20.964090741918675,
    "Pediatrics": 5.342994866842086,
    "Orthopedics": 7.302994866842086,
    "Asd": 1.6674955242602993,
    "sdj": 1.7015260451635708,
    "General": 1.96,
    "Bachchodi": 1.96
  },
  "orthopedics": {
    "Orthopedics": 23.68870582854226,
    "sdj": 12.559717757812658,
    "sdjdhd": 5.736251066493439
  },
  "h": {
    "ss": 2.5022711470218133,
    "Cardiology": 0.8681255332467198,
    "Neurology": 0.8681255332467198,
    "sdj": 1.7362510664934396,
    "sdjdhd": 1.7362510664934396
  },
  "ha": {
    "Aha": 1.6341456137750934
  },
  "o": {
    "ss": 1.6341456137750934
  },
  "or": {
    "Orthopedics": 1.6341456137750934,
    "Othopedics": 1.6341456137750934
  },
  "dr ortho": {
    "Orthopedics": 4.90243684132528,
    "as": 3.2682912275501868,
    "asdf": 3.2682912275501868,
    "Aha": 3.2682912275501868,
    "Zedq1": 3.2682912275501868
  },
  "ort": {
    "Orthopedics": 1.6341456137750934,
    "Othopedics": 1.6341456137750934
  },
  "orth": {
    "Orthopedics": 1.6341456137750934,
    "Othopedics": 1.6341456137750934
  },
  "ac": {
    "Dermatology": 0.8337477621301497,
    "Gastroenterology": 0.8337477621301497,
    "Bachchodi": 1.6674955242602993
  },
  "l": {
    "ss": 4.1687388106507495,
    "General Medicine": 4.1687388106507495
  },
  "leg": {
    "as": 10.004973145561797,
    "asdf": 10.004973145561797,
    "Aha": 10.004973145561797,
    "Pediatrics": 0.8337477621301497,
    "Orthopedics": 3.3349910485205987,
    "Asd": 6.669982097041197,
    "Zedq1": 2.5012432863904492
  },
  "leg b": {
    "as": 2.5012432863904492,
    "asdf": 2.5012432863904492,
    "Aha": 2.5012432863904492,
    "Pediatrics": 0.8337477621301497,
    "Orthopedics": 0.8337477621301497,
    "Asd": 1.6674955242602993
  },
  "leg bone": {
    "Orthopedics": 0.8337477621301497,
    "as": 2.5012432863904492,
    "asdf": 2.5012432863904492,
    "Aha": 2.5012432863904492,
    "Zedq1": 2.5012432863904492,
    "Asd": 1.6674955242602993
  },
  "bon": {
    "as": 13.649591052780897,
    "asdf": 13.649591052780897,
    "Aha": 13.649591052780897,
    "Orthopedics": 4.549863684260299,
    "Asd": 12.815843290650749
  },
  "leg bon": {
    "as": 2.5012432863904492,
    "asdf": 2.5012432863904492,
    "Aha": 2.5012432863904492,
    "Orthopedics": 0.8337477621301497,
    "Asd": 1.6674955242602993
  },
  "bo": {
    "as": 10.709591052780898,
    "asdf": 10.709591052780898,
    "Aha": 10.709591052780898,
    "Orthopedics": 3.5698636842602993,
    "Asd": 9.0420955285206,
    "General": 1.96
  },
  "leg bo": {
    "as": 2.5012432863904492,
    "asdf": 2.5012432863904492,
    "Aha": 2.5012432863904492,
    "Orthopedics": 0.8337477621301497,
    "Asd": 1.6674955242602993
  },
  "frac": {
    "Orthopedics": 1.6674955242602993
  },
  "fracture": {
    "Orthopedics": 5.0024865727808985,
    "as": 3.3349910485205987,
    "asdf": 3.3349910485205987,
    "Aha": 3.3349910485205987,
    "Zedq1": 3.3349910485205987
  },
  "fractur": {
    "Orthopedics": 0.8337477621301497
  },
  "f": {
    "General Medicine": 0.8337477621301497,
    "Orthopedics": 0.8337477621301497,
    "Obstetrics & Gynecology": 0.8337477621301497,
    "asdf": 1.6674955242602993
  },
  "s": {
    "General Medicine": 5.3161317587737855,
    "ENT": 5.3161317587737855,
    "Dermatology": 5.3161317587737855,
    "Endocrinology": 5.3161317587737855,
    "Neurology": 5.3161317587737855,
    "Gastroenterology": 5.3161317587737855,
    "sdj": 11.481949066539569,
    "sdbg": 8.894580640511998,
    "sdjdhd": 8.894580640511998,
    "sd": 8.894580640511998
  },
  "he": {
    "Cardiology": 0.8681255332467198,
    "Neurology": 0.8681255332467198
  },
  "d": {
    "Dermatology": 0.8858423808639998,
    "Endocrinology": 0.8858423808639998,
    "Dentistry": 0.8858423808639998,
    "Psychiatry": 0.8858423808639998,
    "Cardiology": 1.7716847617279996,
    "sdj": 1.7716847617279996,
    "sdbg": 1.7716847617279996,
    "sdjdhd": 1.7716847617279996,
    "sd": 1.7716847617279996
  },
  "der": {
    "Dermatology": 0.8858423808639998
  },
  "p": {
    "Cardiology": 0.8858423808639998,
    "Obstetrics & Gynecology": 0.8858423808639998,
    "Pediatrics": 0.8858423808639998,
    "Psychiatry": 0.8858423808639998
  },
  "g": {
    "Endocrinology": 0.8858423808639998,
    "Gastroenterology": 0.8858423808639998,
    "Cardiology": 1.7716847617279996,
    "sdbg": 1.7716847617279996
  },
  "r": {
    "Dermatology": 0.9039207967999998,
    "Urology": 0.9039207967999998,
    "Nephrology": 0.9039207967999998,
    "General": 1.8078415935999996
  },
  "ko": {
    "Aha": 5.647151999999999,
    "General Medicine": 5.647151999999999,
    "sdj": 1.8823839999999998
  }
}