{
  "ortho": {
    "Orthopedics": 11.753214313791998,
    "as": 6.383924780799999,
    "asdf": 6.383924780799999,
    "Aha": 6.383924780799999,
    "Othopedics": 1.8078415935999996,
    "Zedq1": 4.5760831872,
    "sdj": 1.9207999999999998
  },
  "bone": {
    "Orthopedics": 15.501802112383999,
    "as": 18.469613903999996,
    "asdf": 18.469613903999996,
    "Aha": 18.469613903999996,
    "Zedq1": 18.469613903999996,
    "Asd": 9.186786873600001,
    "sdj": 5.763184
  },
  "dr": {
    "Orthopedics": 6.309367161664,
    "as": 3.6156831871999993,
    "asdf": 3.6156831871999993,
    "Aha": 3.6156831871999993,
    "Zedq1": 3.6156831871999993
  },
  "pain": {
    "Orthopedics": 3.543369523455999
  },
  "arm": {
    "Orthopedics": 2.6575271425919995,
    "Othopedics": 2.7117623903999997
  },
  "arm pain": {
    "Orthopedics": 2.6575271425919995
  },
  "broken": {
    "Othopedics": 2.7117623903999997
  },
  "broken arm": {
    "Othopedics": 2.7117623903999997
  },
  "a": {
    "Russian": 8.4784513472,
    "as": 13.938870854399998,
    "ss": 4.5380513472,
    "Chudai": 4.5380513472,
    "Aha": 13.938870854399998,
    "asdf": 9.4008195072,
    "Asd": 9.4008195072,
    "Dermatology": 4.86276816,
    "Obstetrics & Gynecology": 4.86276816,
    "Psychiatry": 4.86276816,
    "Gastroenterology": 4.86276816,
    "Urology": 4.86276816,
    "Cardiology": 3.8808,
    "sdj": 3.8808,
    "sdjdhd": 3.8808,
    "General": 4
  },
  "am": {
    "Chudai": 5.519603984000001,
    "Amit ko rand banaye rakhna": 5.519603984000001,
    "Aha": 5.519603984000001,
    "General Medicine": 5.519603984000001
  },
  "ami": {
    "Chudai": 4.519603984000001,
    "Amit ko rand banaye rakhna": 4.519603984000001,
    "Aha": 4.519603984000001,
    "General Medicine": 4.519603984000001
  },
  "amit": {
    "Chudai": 6.480003984,
    "Amit ko rand banaye rakhna": 6.480003984,
    "Aha": 6.480003984,
    "General Medicine": 6.480003984,
    "sdj": 2.9208,
    "sdjdhd": 1.9207999999999998
  },
  "b": {
    "Bachchodi": 14.684477584,
    "Amit ko rand banaye rakhna": 14.684477584,
    "as": 13.8174515136,
    "asdf": 13.8174515136,
    "Aha": 13.8174515136,
    "Pediatrics": 2.78592832,
    "Orthopedics": 2.78592832,
    "Asd": 1.8447363199999998,
    "sdj": 1.8823839999999998
  },
  "orthopedics": {
    "Orthopedics": 7.399659187199999,
    "sdj": 9.469543999999999,
    "sdjdhd": 1.9207999999999998
  },
  "h": {
    "ss": 2.7682415936,
    "Chudai": 2.7682415936,
    "Bachchodi": 2.7682415936,
    "Amit ko rand banaye rakhna": 2.7682415936,
    "Aha": 2.7682415936,
    "Cardiology": 0.9603999999999999,
    "Neurology": 0.9603999999999999,
    "sdj": 1.9207999999999998,
    "sdjdhd": 1.9207999999999998
  },
  "ha": {
    "Aha": 1.8078415935999996
  },
  "o": {
    "ss": 1.8078415935999996,
    "Chudai": 1.8078415935999996,
    "aa": 1.8078415935999996,
    "Bachchodi": 1.8078415935999996,
    "Amit ko rand banaye rakhna": 1.8078415935999996
  },
  "or": {
    "Orthopedics": 1.8078415935999996,
    "Othopedics": 1.8078415935999996
  },
  "dr ortho": {
    "Orthopedics": 5.423524780799999,
    "as": 3.6156831871999993,
    "asdf": 3.6156831871999993,
    "Aha": 3.6156831871999993,
    "Zedq1": 3.6156831871999993
  },
  "ort": {
    "Orthopedics": 1.8078415935999996,
    "Othopedics": 1.8078415935999996
  },
  "orth": {
    "Orthopedics": 1.8078415935999996,
    "Othopedics": 1.8078415935999996
  },
  "ac": {
    "Dermatology": 0.9223681599999999,
    "Gastroenterology": 0.9223681599999999,
    "Bachchodi": 1.8447363199999998
  },
  "l": {
    "ss": 4.6118408,
    "Bachchodi": 4.6118408,
    "General Medicine": 4.6118408
  },
  "leg": {
    "Bachchodi": 2.7671044799999995,
    "Amit ko rand banaye rakhna": 2.7671044799999995,
    "as": 11.068417919999998,
    "asdf": 11.068417919999998,
    "Aha": 11.068417919999998,
    "Pediatrics": 0.9223681599999999,
    "Orthopedics": 3.6894726399999995,
    "Asd": 7.378945279999999,
    "Zedq1": 2.7671044799999995
  },
  "leg b": {
    "Bachchodi": 0.9223681599999999,
    "Amit ko rand banaye rakhna": 0.9223681599999999,
    "as": 2.7671044799999995,
    "asdf": 2.7671044799999995,
    "Aha": 2.7671044799999995,
    "Pediatrics": 0.9223681599999999,
    "Orthopedics": 0.9223681599999999,
    "Asd": 1.8447363199999998
  },
  "leg bone": {
    "Orthopedics": 0.9223681599999999,
    "as": 2.7671044799999995,
    "asdf": 2.7671044799999995,
    "Aha": 2.7671044799999995,
    "Zedq1": 2.7671044799999995,
    "Asd": 1.8447363199999998
  },
  "bon": {
    "Bachchodi": 1.8447363199999998,
    "Amit ko rand banaye rakhna": 0.9223681599999999,
    "as": 5.534208959999999,
    "asdf": 5.534208959999999,
    "Aha": 5.534208959999999,
    "Orthopedics": 1.8447363199999998,
    "Asd": 4.6118408
  },
  "leg bon": {
    "Bachchodi": 0.9223681599999999,
    "Amit ko rand banaye rakhna": 0.9223681599999999,
    "as": 2.7671044799999995,
    "asdf": 2.7671044799999995,
    "Aha": 2.7671044799999995,
    "Orthopedics": 0.9223681599999999,
    "Asd": 1.8447363199999998
  },
  "bo": {
    "Bachchodi": 1.8447363199999998,
    "Amit ko rand banaye rakhna": 1.8447363199999998,
    "as": 5.534208959999999,
    "asdf": 5.534208959999999,
    "Aha": 5.534208959999999,
    "Orthopedics": 1.8447363199999998,
    "Asd": 3.6894726399999995
  },
  "leg bo": {
    "Bachchodi": 0.9223681599999999,
    "Amit ko rand banaye rakhna": 0.9223681599999999,
    "as": 2.7671044799999995,
    "asdf": 2.7671044799999995,
    "Aha": 2.7671044799999995,
    "Orthopedics": 0.9223681599999999,
    "Asd": 1.8447363199999998
  },
  "frac": {
    "Orthopedics": 1.8447363199999998
  },
  "fracture": {
    "Orthopedics": 5.534208959999999,
    "as": 3.6894726399999995,
    "asdf": 3.6894726399999995,
    "Aha": 3.6894726399999995,
    "Zedq1": 3.6894726399999995
  },
  "fractur": {
    "Orthopedics": 0.9223681599999999
  },
  "f": {
    "General Medicine": 0.9223681599999999,
    "Orthopedics": 0.9223681599999999,
    "Obstetrics & Gynecology": 0.9223681599999999,
    "asdf": 1.8447363199999998
  },
  "s": {
    "General Medicine": 5.881192,
    "ENT": 5.881192,
    "Dermatology": 5.881192,
    "Endocrinology": 5.881192,
    "Neurology": 5.881192,
    "Gastroenterology": 5.881192,
    "sdj": 12.702384,
    "sdbg": 9.84,
    "sdjdhd": 9.84,
    "sd": 9.84
  },
  "he": {
    "Cardiology": 0.9603999999999999,
    "Neurology": 0.9603999999999999
  },
  "d": {
    "Dermatology": 0.98,
    "Endocrinology": 0.98,
    "Dentistry": 0.98,
    "Psychiatry": 0.98,
    "Cardiology": 1.96,
    "sdj": 1.96,
    "sdbg": 1.96,
    "sdjdhd": 1.96,
    "sd": 1.96
  },
  "der": {
    "Dermatology": 0.98
  },
  "p": {
    "Cardiology": 0.98,
    "Obstetrics & Gynecology": 0.98,
    "Pediatrics": 0.98,
    "Psychiatry": 0.98
  },
  "g": {
    "Endocrinology": 0.98,
    "Gastroenterology": 0.98,
    "Cardiology": 1.96,
    "sdbg": 1.96
  },
  "r": {
    "Dermatology": 1,
    "Urology": 1,
    "Nephrology": 1,
    "General": 2
  }
}