{
  "ortho": {
    "Orthopedics": 13.08446544352366,
    "as": 8.42324810453895,
    "asdf": 8.42324810453895,
    "Aha": 6.502448104538948,
    "Othopedics": 1.5694334474695997,
    "Zedq1": 6.853814657069349,
    "sdj": 1.6674955242602993
  },
  "bone": {
    "Orthopedics": 17.264544605962485,
    "as": 27.455046561863032,
    "asdf": 27.455046561863032,
    "Aha": 27.455046561863032,
    "Zedq1": 27.455046561863032,
    "Asd": 9.746969015195967,
    "sdj": 5.003167183198965
  },
  "dr": {
    "Orthopedics": 5.477322731668903,
    "as": 3.1388668949391993,
    "asdf": 3.1388668949391993,
    "Aha": 3.1388668949391993,
    "Zedq1": 3.1388668949391993
  },
  "pain": {
    "Orthopedics": 3.076089557040415
  },
  "arm": {
    "Orthopedics": 2.3070671677803114,
    "Othopedics": 2.3541501712043993
  },
  "arm pain": {
    "Orthopedics": 2.3070671677803114
  },
  "broken": {
    "Othopedics": 2.3541501712043993
  },
  "broken arm": {
    "Othopedics": 2.3541501712043993
  },
  "a": {
    "as": 17.57955656373316,
    "ss": 3.9395982456889955,
    "Aha": 17.57955656373316,
    "asdf": 13.639958318044167,
    "Asd": 13.639958318044167,
    "Dermatology": 6.04778215875517,
    "Obstetrics & Gynecology": 6.04778215875517,
    "Psychiatry": 6.04778215875517,
    "Gastroenterology": 6.04778215875517,
    "Urology": 6.04778215875517,
    "Cardiology": 3.3690215694238708,
    "sdj": 3.3690215694238708,
    "sdjdhd": 3.3690215694238708,
    "General": 3.4725021329868793
  },
  "am": {
    "Aha": 10.270576022320721,
    "General Medicine": 10.270576022320721
  },
  "ami": {
    "Aha": 12.169554969074,
    "General Medicine": 12.169554969074
  },
  "amit": {
    "Aha": 16.47250647565087,
    "General Medicine": 16.47250647565087,
    "sdj": 6.151304244707018,
    "sdjdhd": 1.6674955242602993
  },
  "b": {
    "as": 32.013912748538694,
    "asdf": 32.013912748538694,
    "Aha": 32.013912748538694,
    "Pediatrics": 9.09141227011514,
    "Orthopedics": 18.89379627011514,
    "Asd": 1.6014627014995915,
    "sdj": 1.6341456137750934,
    "General": 1.8823839999999998,
    "Bachchodi": 1.8823839999999998
  },
  "orthopedics": {
    "Orthopedics": 25.690633077731988,
    "sdj": 13.042352934603278,
    "sdjdhd": 6.489095524260299
  },
  "h": {
    "ss": 5.403181209599749,
    "Cardiology": 3.83374776213015,
    "Neurology": 1.8337477621301497,
    "sdj": 2.6674955242602993,
    "sdjdhd": 2.6674955242602993
  },
  "ha": {
    "Aha": 1.5694334474695997
  },
  "o": {
    "ss": 1.5694334474695997
  },
  "or": {
    "Orthopedics": 1.5694334474695997,
    "Othopedics": 1.5694334474695997
  },
  "dr ortho": {
    "Orthopedics": 4.708300342408799,
    "as": 3.1388668949391993,
    "asdf": 3.1388668949391993,
    "Aha": 3.1388668949391993,
    "Zedq1": 3.1388668949391993
  },
  "ort": {
    "Orthopedics": 1.5694334474695997,
    "Othopedics": 1.5694334474695997
  },
  "orth": {
    "Orthopedics": 1.5694334474695997,
    "Othopedics": 1.5694334474695997
  },
  "ac": {
    "Dermatology": 0.8007313507497957,
    "Gastroenterology": 0.8007313507497957,
    "Bachchodi": 1.6014627014995915
  },
  "l": {
    "ss": 4.00365675374898,
    "General Medicine": 4.00365675374898
  },
  "leg": {
    "as": 9.608776208997549,
    "asdf": 9.608776208997549,
    "Aha": 9.608776208997549,
    "Pediatrics": 0.8007313507497957,
    "Orthopedics": 3.202925402999183,
    "Asd": 6.405850805998366,
    "Zedq1": 2.402194052249387
  },
  "leg b": {
    "as": 2.402194052249387,
    "asdf": 2.402194052249387,
    "Aha": 2.402194052249387,
    "Pediatrics": 0.8007313507497957,
    "Orthopedics": 0.8007313507497957,
    "Asd": 1.6014627014995915
  },
  "leg bone": {
    "Orthopedics": 0.8007313507497957,
    "as": 2.402194052249387,
    "asdf": 2.402194052249387,
    "Aha": 2.402194052249387,
    "Zedq1": 2.402194052249387,
    "Asd": 1.6014627014995915
  },
  "bon": {
    "as": 16.049067247090775,
    "asdf": 16.049067247090775,
    "Aha": 16.049067247090775,
    "Orthopedics": 5.349689082363591,
    "Asd": 15.248335896340977
  },
  "leg bon": {
    "as": 2.402194052249387,
    "asdf": 2.402194052249387,
    "Aha": 2.402194052249387,
    "Orthopedics": 0.8007313507497957,
    "Asd": 1.6014627014995915
  },
  "bo": {
    "as": 13.225491247090774,
    "asdf": 13.225491247090774,
    "Aha": 13.225491247090774,
    "Orthopedics": 4.408497082363591,
    "Asd": 11.624028545591182,
    "General": 1.8823839999999998
  },
  "leg bo": {
    "as": 2.402194052249387,
    "asdf": 2.402194052249387,
    "Aha": 2.402194052249387,
    "Orthopedics": 0.8007313507497957,
    "Asd": 1.6014627014995915
  },
  "frac": {
    "Orthopedics": 1.6014627014995915
  },
  "fracture": {
    "Orthopedics": 4.804388104498774,
    "as": 3.202925402999183,
    "asdf": 3.202925402999183,
    "Aha": 3.202925402999183,
    "Zedq1": 3.202925402999183
  },
  "fractur": {
    "Orthopedics": 0.8007313507497957
  },
  "f": {
    "General Medicine": 0.8007313507497957,
    "Orthopedics": 0.8007313507497957,
    "Obstetrics & Gynecology": 0.8007313507497957,
    "asdf": 1.6014627014995915
  },
  "s": {
    "General Medicine": 5.105612941126343,
    "ENT": 5.105612941126343,
    "Dermatology": 5.105612941126343,
    "Endocrinology": 5.105612941126343,
    "Neurology": 5.105612941126343,
    "Gastroenterology": 5.105612941126343,
    "sdj": 11.0272638835046,
    "sdbg": 8.542355247147723,
    "sdjdhd": 8.542355247147723,
    "sd": 8.542355247147723
  },
  "he": {
    "Cardiology": 0.8337477621301497,
    "Neurology": 0.8337477621301497
  },
  "d": {
    "Dermatology": 0.8507630225817854,
    "Endocrinology": 0.8507630225817854,
    "Dentistry": 0.8507630225817854,
    "Psychiatry": 0.8507630225817854,
    "Cardiology": 1.7015260451635708,
    "sdj": 1.7015260451635708,
    "sdbg": 1.7015260451635708,
    "sdjdhd": 1.7015260451635708,
    "sd": 1.7015260451635708
  },
  "der": {
    "Dermatology": 0.8507630225817854
  },
  "p": {
    "Cardiology": 0.8507630225817854,
    "Obstetrics & Gynecology": 0.8507630225817854,
    "Pediatrics": 0.8507630225817854,
    "Psychiatry": 0.8507630225817854
  },
  "g": {
    "Endocrinology": 0.8507630225817854,
    "Gastroenterology": 0.8507630225817854,
    "Cardiology": 1.7015260451635708,
    "sdbg": 1.7015260451635708
  },
  "r": {
    "Dermatology": 2.8481255332467197,
    "Urology": 2.8481255332467197,
    "Nephrology": 2.8481255332467197,
    "General": 7.676251066493439,
    "r": 4.96,
    "Russian": 4.96
  },
  "ko": {
    "Aha": 5.423524780799999,
    "General Medicine": 5.423524780799999,
    "sdj": 1.8078415935999996
  },
  "hea": {
    "Cardiology": 1,
    "Neurology": 1
  },
  "heart": {
    "Cardiology": 3
  },
  "cardiology": {
    "Cardiology": 3
  }
}